"","finalvar","regmean","finalsmean","regsd","finalsd"
"1","dpm",270.073783200739,253.581563305307,71.0543481811509,65.4166733107924
"2","dtm",243.740821899221,230.774057110712,61.1176946703178,58.9813002799712
"3","kpm",0.755119179781506,0.678035602935434,0.332344427085429,0.257480841876225
"4","kad",1.84764832390647,1.78383825791289,1.1633983534186,0.975421485401319
"5","kd",1.37509978787392,1.26693766983347,1.30230531893059,0.925155128051169
"6","cpm",0.216848600176599,0.203648561580992,0.190028671915883,0.146012834717171
"7","damageperdt",1.1482331277783,1.12399119455191,0.335875547386533,0.2504352164409
"8","damageperheal",2.12894304755752,2.13563779933839,1.40830948970085,1.50775613948624
"9","hpm",173.636738687593,172.605070639973,97.0073244031617,103.482915847271
