"","finalvar","regmean","finalsmean","regsd","finalsd"
"1","dpm",270.208344250359,254.138933842229,71.1603797994176,65.7116190369936
"2","dtm",243.855056068327,231.403105999918,61.2802310824975,60.0365829847905
"3","kpm",0.757602793888457,0.679555138790511,0.33266313288329,0.261045727789609
"4","kad",1.84674479320969,1.77915810832731,1.15895594380851,0.965633130186684
"5","kd",1.36800906745359,1.26853708575058,1.27252681230246,0.951309343735085
"6","cpm",0.218666495325346,0.204408178613453,0.190299017385332,0.144063880588759
"7","damageperdt",1.14882753503424,1.12437143379578,0.338420384022719,0.251312468448958
"8","damageperheal",2.22143056001539,2.26387206959897,1.45381247367816,1.55948060701217
"9","hpm",168.243383006321,165.735135329113,97.5312250200283,105.169440587887
