"","finalvar","regmean","finalsmean","regsd","finalsd"
"1","dpm",274.18296558767,256.452826146653,72.9646830771073,64.0107418224652
"2","dtm",247.539441988942,233.469986124359,63.1816413281938,58.840051515061
"3","kpm",0.772763582911681,0.688978147895385,0.346483532669726,0.258976811300596
"4","kad",1.85336682974926,1.78168792543407,1.18418601466914,0.963067746319529
"5","kd",1.37939262472194,1.26711228577397,1.30548934480888,0.938620148975123
"6","cpm",0.222794350522322,0.205156846948573,0.195554557477491,0.138699553426412
"7","damageperdt",1.15114674907183,1.12578321963915,0.350635736918854,0.255707225118838
"8","damageperheal",2.56601109761453,2.50345436307795,1.55604483001904,1.61226353769531
"9","hpm",150.726199293711,151.99955670315,100.282464953144,103.289924592198
